{"cameraMode":{"drawMode":0,"name":"Shaded","section":"Shading Mode"},"sceneLighting":true,"audioPlay":false,"sceneViewState":{"m_AlwaysRefresh":false,"showFog":true,"showSkybox":true,"showFlares":true,"showImageEffects":true,"showParticleSystems":true,"showVisualEffectGraphs":true,"m_FxEnabled":false},"in2DMode":false,"pivot":{"x":48.09259033203125,"y":2.2550621032714845,"z":14.573076248168946},"rotation":{"x":-0.12356217205524445,"y":-0.43936610221862795,"z":0.0611773356795311,"w":-0.8877490162849426},"size":30.683547973632814,"orthographic":false}