{"cameraMode":{"drawMode":0,"name":"Shaded","section":"Shading Mode"},"sceneLighting":false,"audioPlay":false,"sceneViewState":{"showFog":true,"showMaterialUpdate":false,"showSkybox":false,"showFlares":true,"showImageEffects":true,"showParticleSystems":true,"showVisualEffectGraphs":true,"m_FxEnabled":false},"in2DMode":false,"pivot":{"x":-0.036063194274902347,"y":4.850000381469727,"z":-5.562000274658203},"rotation":{"x":0.12306130677461624,"y":-0.20098231732845307,"z":0.025458568707108499,"w":0.9715018272399902},"size":10.369211196899414,"orthographic":false}